id,timestamp,moisture,temperature,humidity
1,2026-01-30 16:21:45.814825,78.17,24.58,30.42
2,2026-01-30 16:21:50.817940,77.95,29.73,33.39
3,2026-01-30 16:21:55.822963,76.8,25.1,46.25
4,2026-01-30 16:22:00.827189,75.76,28.58,56.29
5,2026-01-30 16:22:05.833231,75.32,27.35,34.47
6,2026-01-30 16:22:10.838165,73.39,32.78,46.97
7,2026-01-30 16:22:15.842286,73.62,30.31,36.87
8,2026-01-30 16:22:20.846216,71.91,26.32,45.94
9,2026-01-30 16:22:25.852693,71.03,24.59,52.07
10,2026-01-30 16:22:30.857408,69.65,26.34,35.03
11,2026-01-30 16:22:35.860982,68.67,31.15,49.55
12,2026-01-30 16:22:40.866309,68.01,25.14,59.26
13,2026-01-30 16:22:45.868567,66.79,32.3,59.06
14,2026-01-30 16:22:50.874031,65.54,30.31,53.59
15,2026-01-30 16:22:55.878584,64.96,31.71,59.92
16,2026-01-30 16:23:00.881447,63.64,26.02,54.52
17,2026-01-30 16:23:05.879732,62.98,20.93,46.16
18,2026-01-30 16:23:10.880227,62.5,23.7,46.41
19,2026-01-30 16:23:15.883084,61.26,20.86,50.04
20,2026-01-30 16:23:20.885812,61.33,23.85,34.46
21,2026-01-30 16:23:25.886592,59.9,29.5,49.65
22,2026-01-30 16:23:30.891307,59.32,31.3,55.98
23,2026-01-30 16:23:35.893473,57.99,33.36,31.94
24,2026-01-30 16:23:40.897453,57.48,33.24,36.09
25,2026-01-30 16:23:45.904380,55.75,25.45,36.71
26,2026-01-30 16:23:50.907005,55.69,33.24,56.05
27,2026-01-30 16:23:55.912415,54.63,22.65,54.7
28,2026-01-30 16:24:00.914278,52.84,27.44,58.75
29,2026-01-30 16:24:05.918264,52.92,32.81,51.27
30,2026-01-30 16:24:10.922964,51.44,25.57,59.1
31,2026-01-30 16:24:15.927390,51.27,25.7,58.68
32,2026-01-30 16:24:20.930527,50.38,26.55,47.84
33,2026-01-30 16:24:25.931381,49.87,33.67,54.79
34,2026-01-30 16:24:30.934077,48.17,24.67,39.74
35,2026-01-30 16:24:35.939442,46.42,22.33,32.14
36,2026-01-30 16:24:40.946113,45.96,28.58,55.42
37,2026-01-30 16:24:45.951720,45.1,23.06,48.15
38,2026-01-30 16:24:50.956085,44.97,29.66,46.61
39,2026-01-30 16:24:55.960425,43.86,26.76,32.52
40,2026-01-30 16:25:00.962544,42.67,22.35,46.35
41,2026-01-30 16:25:05.966945,40.93,28.8,41.48
42,2026-01-30 16:25:10.972060,39.98,20.94,46.45
43,2026-01-30 16:25:15.977641,39.01,20.74,55.09
44,2026-01-30 16:25:20.979959,37.96,34.92,41.41
45,2026-01-30 16:25:25.982848,36.39,24.92,53.3
46,2026-01-30 16:25:30.983326,34.79,25.84,42.78
47,2026-01-30 16:25:35.988790,34.2,23.08,53.63
48,2026-01-30 16:25:40.992571,33.83,32.67,42.59
49,2026-01-30 16:25:45.996843,31.8,28.97,53.48
50,2026-01-30 16:25:50.997608,30.77,27.97,36.51
51,2026-01-30 16:25:56.000861,30.53,28.84,52.29
52,2026-01-30 16:26:01.005170,29.4,20.61,44.28
53,2026-01-30 16:26:06.005666,28.56,26.22,33.58
54,2026-01-30 16:26:11.010856,27.28,27.0,40.07
55,2026-01-30 16:26:16.014737,25.62,20.12,31.49
56,2026-01-30 16:26:21.016209,84.8,32.13,41.72
57,2026-01-30 16:26:26.021642,84.33,20.96,42.61
58,2026-01-30 16:26:31.023123,83.29,28.31,33.81
59,2026-01-30 16:26:36.026193,82.67,22.87,35.99
60,2026-01-30 16:26:41.031641,81.13,30.2,54.27
61,2026-01-30 16:26:46.032270,80.96,23.17,55.27
62,2026-01-30 16:26:51.037947,80.15,34.73,47.13
63,2026-01-30 16:26:56.043466,79.44,34.08,34.36
64,2026-01-30 16:27:01.050263,77.11,29.43,49.82
65,2026-01-30 16:27:06.053865,76.35,28.83,34.27
66,2026-01-30 16:27:11.057493,75.08,28.16,35.2
67,2026-01-30 16:27:16.058251,74.54,21.53,51.31
68,2026-01-30 16:27:21.063863,73.91,29.14,33.97
69,2026-01-30 16:27:26.067552,72.96,34.9,52.58
70,2026-01-30 16:27:31.070846,71.63,21.53,47.37
71,2026-01-30 16:27:36.076464,70.69,26.62,56.82
72,2026-01-30 16:27:41.079835,69.65,24.35,47.21
73,2026-01-30 16:27:46.081157,67.98,20.72,35.5
74,2026-01-30 16:27:51.087068,67.06,24.33,47.21
75,2026-01-30 16:27:56.092469,65.9,31.62,57.29
76,2026-01-30 16:28:01.097163,65.07,31.05,42.26
77,2026-01-30 16:28:06.103444,63.26,29.55,38.37
78,2026-01-30 16:28:11.106814,62.93,24.89,45.43
79,2026-01-30 16:28:16.110558,61.98,31.38,35.68
80,2026-01-30 16:28:21.114313,60.9,26.51,45.65
81,2026-01-30 16:28:26.117649,60.44,22.47,38.85
82,2026-01-30 16:28:31.120122,58.14,34.96,37.88
83,2026-01-30 16:28:36.122113,56.72,22.12,50.21
84,2026-01-30 16:28:41.127661,55.77,27.92,31.94
85,2026-01-30 16:28:46.132078,55.66,22.96,32.55
86,2026-01-30 16:28:51.136196,54.29,24.35,48.95
87,2026-01-30 16:28:56.141976,53.96,33.33,56.21
88,2026-01-30 16:29:01.144636,52.73,33.41,56.3
89,2026-01-30 16:29:06.146417,51.23,28.69,39.07
90,2026-01-30 16:29:11.150261,50.3,33.21,44.42
91,2026-01-30 16:29:16.152784,50.19,34.2,50.98
92,2026-01-30 16:29:21.155464,49.43,26.44,42.18
93,2026-01-30 16:29:26.157336,48.11,21.42,44.54
94,2026-01-30 16:29:31.161210,47.27,30.4,54.3
95,2026-01-30 16:29:36.165522,46.62,30.21,32.51
96,2026-01-30 16:29:41.170790,45.67,21.68,51.36
97,2026-01-30 16:29:46.174955,44.34,30.19,50.61
98,2026-01-30 16:29:51.176818,43.79,32.54,42.38
99,2026-01-30 16:29:56.177785,43.03,27.69,39.29
100,2026-01-30 16:30:01.181811,41.61,29.33,59.94
101,2026-01-30 16:30:06.187881,40.54,32.69,44.35
102,2026-01-30 16:30:11.190173,40.09,25.65,53.5
103,2026-01-30 16:30:16.197846,39.62,31.02,52.23
104,2026-01-30 16:30:21.202147,38.19,23.02,40.3
105,2026-01-30 16:30:26.207242,37.12,26.27,58.4
106,2026-01-30 16:30:31.210769,36.11,23.15,55.27
107,2026-01-30 16:30:36.216399,34.12,24.94,56.28
108,2026-01-30 16:30:41.220497,33.7,25.46,55.33
109,2026-01-30 16:30:46.225527,32.97,23.73,58.3
110,2026-01-30 16:30:51.226882,32.58,23.07,59.81
111,2026-01-30 16:30:56.232069,30.53,27.1,31.93
112,2026-01-30 16:31:01.237305,30.68,30.66,58.07
113,2026-01-30 16:31:06.242466,28.97,22.96,45.34
114,2026-01-30 16:31:11.245855,28.13,27.85,41.5
115,2026-01-30 16:31:16.251398,27.17,23.6,45.06
116,2026-01-30 16:31:21.255660,26.06,29.8,52.44
117,2026-01-30 16:31:26.259519,25.85,20.22,41.41
118,2026-01-30 16:31:31.265581,25.11,34.04,55.15
119,2026-01-30 16:31:36.267389,85.41,32.91,56.57
120,2026-01-30 16:31:41.269543,83.83,31.55,50.61
121,2026-01-30 16:31:46.270793,82.31,31.79,43.5
122,2026-01-30 16:31:51.275446,81.74,28.34,36.95
123,2026-01-30 16:31:56.276811,80.48,29.92,50.08
124,2026-01-30 16:32:01.277415,79.97,32.26,32.26
125,2026-01-30 16:32:06.281900,79.11,34.87,32.99
126,2026-01-30 16:32:11.284215,78.29,26.25,52.55
127,2026-01-30 16:32:16.287777,78.23,28.3,47.87
128,2026-01-30 16:32:21.288753,76.8,22.98,39.33
129,2026-01-30 16:32:26.289213,75.39,22.4,55.71
130,2026-01-30 16:32:31.293368,74.09,26.72,48.44
131,2026-01-30 16:32:36.296196,73.32,25.29,46.12
132,2026-01-30 16:32:41.298067,72.9,28.0,39.99
133,2026-01-30 16:32:46.303010,71.42,25.3,37.9
134,2026-01-30 16:32:51.307373,70.82,22.5,38.55
135,2026-01-30 16:32:56.312714,70.22,33.11,53.35
136,2026-01-30 16:33:01.316827,69.08,31.28,40.56
137,2026-01-30 16:33:06.319618,67.31,21.03,56.64
138,2026-01-30 16:33:11.324545,66.85,31.27,47.83
139,2026-01-30 16:33:16.329601,65.41,22.67,59.95
140,2026-01-30 16:33:21.331329,64.29,32.35,42.17
141,2026-01-30 16:33:26.333035,62.98,26.69,33.95
142,2026-01-30 16:33:31.336904,62.3,22.36,44.31
143,2026-01-30 16:33:36.342293,61.49,32.2,31.38
144,2026-01-30 16:33:41.345081,60.6,23.11,42.25
145,2026-01-30 16:33:46.349156,59.88,26.66,51.86
146,2026-01-30 16:33:51.351819,58.79,29.16,47.48
147,2026-01-30 16:33:56.353368,58.22,33.89,59.62
148,2026-01-30 16:34:01.356091,56.87,21.79,30.91
149,2026-01-30 16:34:06.356621,56.2,32.02,50.35
150,2026-01-30 16:34:11.359035,54.93,32.77,55.37
151,2026-01-30 16:34:16.364227,54.58,28.87,37.76
152,2026-01-30 16:34:21.369157,52.89,30.38,38.89
153,2026-01-30 16:34:26.373642,51.63,21.76,46.79
154,2026-01-30 16:34:31.379133,51.65,24.35,53.25
155,2026-01-30 16:34:36.382268,50.41,24.11,30.16
156,2026-01-30 16:34:41.387409,50.29,30.87,50.01
157,2026-01-30 16:34:46.391195,48.35,26.16,52.74
158,2026-01-30 16:34:51.395131,47.05,22.09,52.86
159,2026-01-30 16:34:56.398446,46.1,24.77,39.52
160,2026-01-30 16:35:01.402751,44.85,30.45,59.27
161,2026-01-30 16:35:06.411333,43.78,25.64,37.32
162,2026-01-30 16:35:11.421352,42.95,34.73,32.18
163,2026-01-30 16:35:16.428341,41.42,24.93,54.66
164,2026-01-30 16:35:21.437871,41.36,31.26,42.16
165,2026-01-30 16:35:26.446141,39.59,20.42,31.88
166,2026-01-30 16:35:31.456940,38.55,27.97,38.72
167,2026-01-30 16:35:36.464045,37.86,33.82,44.35
168,2026-01-30 16:35:41.472778,36.46,22.55,31.11
169,2026-01-30 16:35:46.481733,35.93,33.78,36.88
170,2026-01-30 16:35:51.488548,35.76,25.62,39.36
171,2026-01-30 16:35:56.498280,34.7,26.77,38.62
172,2026-01-30 16:36:01.505856,34.4,28.46,50.96
173,2026-01-30 16:36:06.506701,32.76,34.07,54.66
174,2026-01-30 16:36:11.514366,31.55,21.2,40.87
175,2026-01-30 16:36:16.522326,30.45,23.51,31.55
176,2026-01-30 16:36:21.531284,29.83,26.32,46.64
177,2026-01-30 16:36:26.539758,29.62,34.12,58.88
178,2026-01-30 16:36:31.547633,28.34,30.14,53.12
179,2026-01-30 16:36:36.557004,27.76,31.96,49.71
180,2026-01-30 16:36:41.564462,26.97,25.89,34.09
181,2026-01-30 16:36:46.572593,25.45,23.17,35.45
182,2026-01-30 16:36:51.581090,85.03,26.86,54.29
183,2026-01-30 16:36:56.589433,84.1,23.21,36.36
184,2026-01-30 16:37:01.597533,84.31,32.14,49.14
185,2026-01-30 16:37:06.601964,82.73,26.22,40.34
186,2026-01-30 16:37:11.610787,82.49,30.29,43.69
187,2026-01-30 16:37:16.618734,81.27,26.97,48.12
188,2026-01-30 16:37:21.621652,80.33,29.01,39.18
189,2026-01-30 16:37:26.630026,79.78,23.02,40.25
190,2026-01-30 16:37:31.637487,78.45,24.24,45.0
191,2026-01-30 16:37:36.647132,76.86,22.6,34.03
192,2026-01-30 16:37:41.652091,75.91,31.7,47.32
193,2026-01-30 16:37:46.660785,74.89,29.65,40.88
194,2026-01-30 16:37:51.671180,74.03,27.12,57.8
195,2026-01-30 16:37:56.680125,73.06,31.37,48.43
196,2026-01-30 16:38:01.687610,71.46,23.88,48.05
197,2026-01-30 16:38:06.786178,71.11,22.61,39.51
198,2026-01-30 16:38:11.794674,69.87,25.87,58.03
199,2026-01-30 16:38:16.798490,68.56,28.91,30.4
200,2026-01-30 16:38:21.799659,68.05,26.67,35.25
201,2026-01-30 16:38:26.803881,66.81,21.2,59.16
202,2026-01-30 16:38:31.807797,66.38,26.56,39.45
203,2026-01-30 16:38:36.812828,64.61,31.28,53.65
204,2026-01-30 16:38:41.818246,63.09,31.86,43.95
205,2026-01-30 16:38:46.822677,62.58,33.1,33.65
206,2026-01-30 16:38:51.825634,61.52,27.77,53.86
207,2026-01-30 16:38:56.826890,60.35,26.02,32.97
208,2026-01-30 16:39:01.831246,58.38,29.2,54.2
209,2026-01-30 16:39:06.836812,57.87,20.76,41.99
210,2026-01-30 16:39:11.839471,56.8,25.43,58.91
211,2026-01-30 16:39:16.844483,55.69,20.51,56.39
212,2026-01-30 16:39:21.850039,55.3,33.57,37.11
213,2026-01-30 16:39:26.853530,54.04,24.38,37.56
214,2026-01-30 16:39:31.855712,52.34,26.08,47.82
215,2026-01-30 16:39:36.861187,52.09,29.82,40.94
216,2026-01-30 16:39:41.865725,50.89,20.27,38.96
217,2026-01-30 16:39:46.871322,49.97,32.59,41.1
218,2026-01-30 16:39:51.877196,48.37,32.53,32.55
219,2026-01-30 16:39:56.877658,47.53,20.67,52.98
220,2026-01-30 16:40:01.881008,46.45,20.12,33.2
221,2026-01-30 16:40:06.888418,44.75,33.81,40.2
222,2026-01-30 16:40:11.889321,44.32,30.66,38.61
223,2026-01-30 16:40:16.890746,43.3,26.52,44.32
224,2026-01-30 16:40:21.895250,41.62,32.1,57.05
225,2026-01-30 16:40:26.896550,41.24,34.3,53.45
226,2026-01-30 16:40:31.898362,39.84,24.72,58.3
227,2026-01-30 16:40:36.904024,39.6,21.98,59.54
228,2026-01-30 16:40:41.906435,38.28,27.99,50.65
229,2026-01-30 16:40:46.911100,37.88,23.88,46.95
